user_pref_id,work_pref_id,entry_rate
10,9,0.04476414955940027
4,12,0.04402309458253567
33,41,0.03679412038329146
36,23,0.05020592768527174
38,34,0.04326966597266226
39,28,0.0504738221654681
37,24,0.04248348745046235
37,22,0.04357054278355432
39,11,0.05246689212680552
34,17,0.03964965010549964
36,8,0.04403063632073759
39,8,0.04944874115517525
34,10,0.03941324640687509
36,10,0.04301404462133098
33,45,0.0353997101126101
34,43,0.04036957468020276
34,19,0.04267551325250981
37,9,0.04209370424597364
10,13,0.06091776651285881
38,9,0.04254234539008735
39,3,0.04746153460632486
17,13,0.05181658836097368
45,13,0.05337810745789895
31,13,0.06372056870809988
40,34,0.04526924588691111
10,18,0.04460277181339059
2,9,0.04651314077543585
7,29,0.04321379633033655
4,16,0.04553838046724047
13,16,0.04934281598847677
28,12,0.04490088506830229
14,46,0.04638482348394468
27,20,0.04848632325047419
22,18,0.03847498543244818
1,12,0.04260016403653204
18,8,0.04033010941409313
14,5,0.04372832524142346
1,34,0.04489424442098365
15,22,0.03850829861348268
8,40,0.04711331360428668
15,34,0.03803015672584119
1,9,0.0430923267909158
43,28,0.04316653614539169
46,28,0.04269433577138969
15,9,0.03635116598079561
35,40,0.04600733880831731
42,26,0.04114862732723256
40,9,0.04402367356567471
20,16,0.04113636363636363
44,25,0.04208828959360613
44,11,0.04512641861801465
43,11,0.04342723004694835
21,33,0.03878371084144659
18,23,0.04758504615698475
45,43,0.04171948612188522
6,14,0.04371957341213464
22,17,0.03739743320008415
6,35,0.03926504724229247
2,24,0.04556268473794246
25,6,0.0436102472974974
9,3,0.04365462623140815
47,2,0.04392185908712156
32,6,0.04360117429596607
24,41,0.03894505494505494
19,26,0.04557468390599328
29,4,0.05302500349769152
19,33,0.04687012950211113
41,1,0.04628283957518166
42,31,0.03870560600217368
16,1,0.03916782561802855
24,5,0.03735253354967379
19,31,0.04333576110706482
6,36,0.03736590642747678
37,38,0.0384220727397104
36,29,0.04251333631958301
34,25,0.03902729831274522
38,21,0.04271242818264287
39,14,0.05557324379866276
33,12,0.03842245989304812
36,6,0.04031326229297727
37,6,0.04063665131434658
11,45,0.04082299561353895
11,26,0.04200171672011669
10,22,0.04575844596467496
12,26,0.04160555279660919
22,22,0.03876231378220485
14,16,0.04696058403665692
13,21,0.04697087691502074
22,36,0.03722195929957406
29,20,0.05006061830672863
23,35,0.04411000384154746
14,39,0.04136777764963672
26,21,0.0445195042665583
22,24,0.03830534176715586
7,26,0.04308203393888606
4,21,0.04431271561148632
22,25,0.03649137940819268
17,22,0.03941096356826693
15,21,0.03649351908717716
18,33,0.04059691222637939
41,40,0.04837244315232063
20,3,0.03955882951446827
28,16,0.04537905370812052
44,1,0.04457158363673367
47,45,0.04427402862985685
41,46,0.04426680996842883
40,25,0.04166729787459665
40,22,0.04593053063317098
12,31,0.04044239867024677
31,11,0.05180926192112992
46,44,0.042143677522137
3,40,0.04411242879820711
19,12,0.0457516339869281
3,41,0.04290045620696494
45,24,0.04181271388572021
35,32,0.0425282544997907
35,46,0.042363933062426
44,2,0.04115815862695942
31,24,0.04939947351102336
43,2,0.04171548579639659
32,1,0.04749596122778675
30,45,0.04991990078032143
43,47,0.04157339302846178
2,28,0.04671175226649358
2,21,0.04650362541477202
30,47,0.05468233379113891
42,5,0.03995051666424101
30,42,0.05066634650018009
7,31,0.04172956127964162
34,46,0.04109489184116049
36,41,0.04171842650103519
34,42,0.04103978602474088
33,25,0.03650779820510586
38,31,0.04112119764293677
33,14,0.04213626889329888
9,13,0.05842103726626476
34,45,0.03852801382687599
36,45,0.03943975324872326
37,7,0.03977983487615711
30,27,0.06164143844605827
10,26,0.04314078339631695
10,44,0.04486615558627623
1,1,0.04633176310745256
7,12,0.04274863943544046
8,14,0.04724447186958944
4,31,0.04322033898305084
20,1,0.04168229976237694
29,21,0.05096073517126148
41,23,0.05146719926255953
46,27,0.04645634128401807
22,7,0.03657839588493046
28,1,0.04911040479321934
43,27,0.04648493211043215
21,11,0.04008030574234434
21,22,0.0396337351997195
22,44,0.03822405624331346
15,4,0.03802231344069045
40,7,0.04328554885596773
3,8,0.04105271610390653
46,15,0.03908532712259157
47,17,0.04505835922411621
20,30,0.04116578941319787
19,28,0.04605857308734356
8,37,0.04636222573487825
16,20,0.03873259777020391
3,16,0.04159807687282798
30,10,0.05031883707576536
47,43,0.04559336823734729
45,33,0.04184424641611778
47,10,0.04454466334361895
30,17,0.05236113624027501
3,39,0.03822782013037233
24,29,0.0389998753997591
17,26,0.03919852154459682
41,35,0.04440466161190676
21,28,0.03958578354034594
32,34,0.04494618378150965
32,32,0.04222697636511817
35,19,0.04437992534218166
6,32,0.03801520608243297
6,46,0.03880674956754463
9,18,0.04531519274376417
18,46,0.03851368315340195
30,43,0.05101759227319765
24,38,0.03685794387715733
18,41,0.03922110969740554
5,18,0.04358567143109228
17,31,0.03542721047930931
17,33,0.03752199565262395
41,20,0.04500587171104833
31,33,0.04819660396866425
41,10,0.04360617535683076
16,10,0.03657691134466598
41,19,0.04512648277833357
47,19,0.04614048201046443
30,19,0.05141455072679281
24,6,0.03743243546325162
16,19,0.03831354076826112
36,46,0.04112337011033099
34,41,0.04214408553135942
36,32,0.04132694659600489
37,32,0.04091545237507203
34,15,0.03699228049924247
33,6,0.0363373261516199
38,7,0.04089774340398453
18,13,0.05829644492778041
10,7,0.04186457978904389
44,12,0.04465034837485864
11,35,0.04279665335544663
12,35,0.04271326172152618
12,23,0.04543514940827823
9,27,0.04928612511418614
12,24,0.0418265620371072
27,4,0.05172600857127357
14,33,0.04636673370851389
2,4,0.04645048203330411
28,30,0.04686578032214731
22,26,0.03884386928211304
28,42,0.04371023551735684
30,23,0.05963688619396445
22,42,0.03812684478566075
29,1,0.05594223484848484
47,23,0.0514280529026111
27,17,0.05040421605978946
9,15,0.04100533084359847
46,17,0.04050582888757162
45,40,0.04542456829836202
40,31,0.04125875020795741
43,34,0.04301615077885194
45,44,0.04127826862284185
15,5,0.0359231041814316
8,2,0.04373762997240264
20,5,0.03877216762679317
20,31,0.03755230995205498
21,25,0.03737006676244401
1,31,0.03971729780761565
42,25,0.03981360926471595
30,16,0.05200768010685366
3,35,0.04182449907259855
3,20,0.04308869878433138
47,8,0.04539854337892422
35,35,0.04227593964218255
5,17,0.04305492164917085
16,21,0.03770892784345699
35,36,0.0419890463357385
41,36,0.04370726766269941
46,20,0.04187173177483851
44,39,0.03940616553723216
18,32,0.0381820499745028
17,7,0.03564015592568217
30,8,0.05018540009623821
32,9,0.04668546618325052
25,9,0.04409959333998311
47,3,0.04417482718894009
9,43,0.0441969843685157
30,3,0.04931827035449941
42,38,0.03928856584345144
19,38,0.04373110025587345
16,3,0.03586871069182389
43,39,0.04025698455734999
30,39,0.04867747215036164
46,18,0.0396843445829164
47,16,0.04497396244279627
19,6,0.0439954789488556
39,33,0.04924708051628764
38,38,0.04128672745694022
33,23,0.04136040273215003
36,42,0.04023012817801091
33,27,0.0431036392229827
38,29,0.04107013349807945
38,25,0.0402984017564154
37,14,0.04722124171471153
33,8,0.03766736966011084
33,10,0.03680839443239933
34,2,0.03965643274853801
36,2,0.04070568368661956
40,14,0.04467679271899033
10,36,0.04238978928093142
10,37,0.04609908937733098
10,14,0.04699702457480806
13,1,0.05354873296108229
7,46,0.04278011260011101
7,45,0.03960628075931567
24,23,0.04626865671641791
11,17,0.04294957270137584
4,29,0.04464217617897546
11,18,0.04337917033745738
28,25,0.04282841928339171
12,41,0.04428238654321132
22,37,0.03966815178982946
14,24,0.04542800095661314
13,29,0.04904501600714332
29,22,0.05203855289244842
23,38,0.03888374685257616
22,35,0.03906599321023432
20,29,0.0393551085592608
26,29,0.04587606045014538
42,27,0.04838939228616158
23,6,0.04238842654088391
8,39,0.04152505715874683
15,33,0.03775818294105537
8,34,0.0455034809445202
44,26,0.04256618256356579
15,29,0.03484248579789981
8,20,0.04426853298906027
1,25,0.04122004679682225
40,6,0.04321640384350144
40,37,0.04687079278378274
44,7,0.04151841523223386
42,15,0.03930795457747471
42,43,0.04117562073022228
3,5,0.04013764784130013
6,40,0.04283300607333668
1,38,0.03925594508457955
44,31,0.03977719060201385
41,4,0.04675055750238929
47,4,0.04731664979025025
32,46,0.04334730998641705
25,46,0.04634213003735309
45,3,0.03917390591706277
43,31,0.04053233198961842
17,37,0.03713696719820529
9,47,0.04516638413487216
30,4,0.05361062335381913
46,42,0.04176185866408518
7,41,0.04431788426289604
21,5,0.03685751463890696
25,32,0.04575328614762386
31,6,0.04755341144038594
38,33,0.04294025703369225
36,40,0.04632669232510753
37,44,0.04184277261200338
39,7,0.04787258042683752
34,47,0.04069695698314371
36,47,0.04122278832792959
32,13,0.06200842929678425
11,27,0.04850495209387447
12,27,0.04787606422619182
41,12,0.04635187408296651
11,15,0.03939250853414043
11,43,0.04233425265174154
14,38,0.04148110446621707
10,2,0.04315546940716088
14,35,0.04623568599506156
12,15,0.03902985577571101
45,14,0.04571764780714308
14,6,0.04478604128402642
13,33,0.04968449535110682
14,36,0.04427666140545124
7,15,0.03944172681558512
4,33,0.04666853731952451
23,29,0.04245852505382244
28,21,0.04364276120391214
22,21,0.03781406506460165
12,18,0.04267163362377404
23,1,0.04435041529540824
29,25,0.04921726991724
40,29,0.04308685018473226
47,12,0.04620458015267175
42,23,0.0492885506287227
17,14,0.04340871483728626
1,29,0.04156550942785465
41,34,0.04591174959007366
24,14,0.04369207490069982
15,26,0.03671699621759586
20,33,0.04106795566548969
35,34,0.04440561547267578
21,9,0.03858415223321392
24,35,0.03890685303014498
19,24,0.04602763988906756
3,34,0.04239665054266086
3,9,0.04196864660469513
24,36,0.03876026885735623
18,40,0.04365039422915618
15,31,0.03556480673246939
15,7,0.03541322866955086
19,23,0.04965574080115382
13,31,0.04554054521752171
26,33,0.04626502857893699
35,20,0.04396318048339733
31,14,0.05554401685309913
32,45,0.04131908237747653
32,41,0.04383965679045448
30,5,0.05026902382782475
43,32,0.04208107862994649
21,34,0.04007611093336925
18,42,0.0384195279479508
16,12,0.03999364459677236
18,47,0.04056741349595651
2,7,0.04513977943062323
5,7,0.04295175547981267
6,30,0.03960057451610696
33,26,0.03796025809765336
33,42,0.03616901634735108
34,27,0.0447657490735839
39,39,0.04641350210970464
37,15,0.03883007131412773
36,17,0.04259259259259259
39,16,0.04703659506762132
34,18,0.04024873452518626
33,7,0.0362636772264107
36,43,0.04158431190171685
36,9,0.04415536826676438
13,12,0.05048186869247278
7,25,0.04245882827280339
25,14,0.04804953717831349
27,39,0.0454855341088244
14,26,0.04543591360554942
13,34,0.05186944185148653
10,32,0.04354441005193851
20,12,0.0405838968210346
20,4,0.04129047974300025
23,12,0.04146647428364595
44,34,0.04355277749773162
12,29,0.04167228056271052
9,8,0.04323513122398299
26,12,0.04555728605087656
20,34,0.04155672823218997
27,8,0.04805644880931687
32,28,0.04653114849822999
5,8,0.04346221765372552
6,8,0.03819139596136962
23,5,0.040286068575713
8,42,0.04493477892596984
14,31,0.04283997701269526
22,15,0.0343842798482545
6,23,0.04658150309186422
28,4,0.04757139094774069
27,16,0.04980544114899389
8,47,0.04541234567901234
27,10,0.04760909270954822
32,11,0.0493786026055376
5,16,0.04448066279583036
32,22,0.04825339217222749
46,11,0.04308360287903954
47,21,0.04740360930980746
45,41,0.04122370362958701
40,5,0.04259099720008615
26,4,0.0476900766521649
32,24,0.04625178062678062
17,32,0.0371247041235829
32,38,0.04227351595772648
9,10,0.04435866179060002
9,19,0.04428263292751776
17,46,0.03695000154602516
44,22,0.04511262263471277
43,16,0.04328673921102557
46,3,0.03975943183217701
19,7,0.04389098703684801
5,3,0.04161441777725933
42,29,0.0404197630046194
42,33,0.04212933493646415
31,31,0.04605636880052436
31,45,0.04640877094624057
30,37,0.0520511516952798
31,5,0.04638659664916229
30,21,0.05190549018383844
24,7,0.03729999590784466
24,31,0.03624130533706039
5,39,0.03997384481255448
13,9,0.04839327689987363
34,34,0.04041603391868891
36,34,0.0443223671889631
37,27,0.04798388485244998
34,39,0.03704252481849162
39,22,0.05187406296851574
38,15,0.04054911918743056
36,20,0.04364519667763673
38,13,0.05458039443030908
37,17,0.04061289587605377
37,10,0.04137765446590545
37,43,0.04149354295339696
33,30,0.03857100059916117
37,19,0.0432863070539419
23,13,0.04900924180300852
1,13,0.04867664771081398
4,9,0.04425197167230001
22,27,0.04374474777768354
9,22,0.04606783526586136
9,11,0.04489288876554467
14,40,0.04930318660565661
10,15,0.04107112240285549
40,27,0.04764353787785879
7,35,0.04362739198459501
7,37,0.0431855210725713
29,41,0.05272775726196368
12,21,0.04111131287452333
42,40,0.0450348248205994
40,15,0.04245585490740297
15,27,0.04152708579503234
29,46,0.05264704921780593
28,46,0.04601585367385651
9,28,0.04497045031482366
9,34,0.04600334992788349
26,9,0.04527922952278795
22,5,0.03631331767863133
35,1,0.04390206065620394
28,32,0.04458204334365325
40,43,0.04372693611733779
42,44,0.0413246203576661
3,29,0.04088899510096785
24,42,0.0386066119369869
47,6,0.04509678391202831
25,37,0.04653660282799355
25,21,0.04407133216082457
21,29,0.03918372275553945
43,24,0.04396055875102711
35,33,0.04322355142027273
35,29,0.04292137490386321
44,36,0.04130265210608424
43,36,0.04119906833237544
44,24,0.04412203576593742
43,22,0.04366805467407625
25,3,0.04414208558371416
29,32,0.04949327275904246
30,38,0.04833192482594873
30,6,0.04952240999265246
45,18,0.03921964515559144
16,33,0.03706083976006855
45,4,0.04273366834170854
18,10,0.03941503089074841
5,22,0.04577492674427813
24,45,0.03756764256972387
8,31,0.04186989642132953
2,43,0.04566010586361066
18,34,0.04185340197785103
5,25,0.04413033774735902
31,18,0.0475990333088158
24,30,0.03960672588123568
18,20,0.04142108044388439
19,44,0.04551476154428463
18,19,0.0410392266220487
20,9,0.04047372138809985
6,16,0.03889486676371922
2,17,0.04442981734408425
6,3,0.03762544169611307
6,19,0.03996830706928426
36,37,0.04173396942263626
38,28,0.04329745596868884
34,21,0.04070639779138158
38,22,0.04528376075844292
33,17,0.03660105033760851
33,18,0.03640578430290319
38,6,0.04055784054694522
33,43,0.03663029615984129
42,13,0.0560567601455702
19,13,0.05772407283596177
10,35,0.04384093113482056
10,23,0.0482978596044159
28,28,0.04602636777714597
12,45,0.04104751297166607
26,25,0.04356558466491419
28,22,0.04614173696091243
26,38,0.04113221509620128
12,30,0.04231296711708359
23,28,0.04194727196449468
1,28,0.04411211981033884
20,25,0.0393178588346755
4,25,0.04268546336954009
4,6,0.04386943447473081
40,24,0.04403438238624704
1,22,0.04526241767548071
15,38,0.03542961677026749
20,38,0.03795350082556115
44,33,0.04395935789180662
43,33,0.0433973526210456
40,35,0.0439262837442019
40,38,0.04040857658609606
43,1,0.04428104279958808
43,7,0.04181671593657618
8,16,0.04481792717086834
24,43,0.03807832898172323
25,40,0.04826303652458528
45,8,0.04066025742888924
17,35,0.0368921709744039
1,6,0.04205532163507061
19,9,0.04513904538693829
18,2,0.037182913677498
17,36,0.03642603158852228
6,47,0.03891224617586546
6,42,0.03845912541564715
6,2,0.03709899914883625
9,42,0.04445401473825246
9,1,0.04613796389433003
9,2,0.04363824911770117
32,44,0.04276511665674227
25,44,0.04567280533273076
25,47,0.04782540798001093
2,38,0.04363053866203301
25,42,0.04438369381683685
25,41,0.0462155804621558
2,29,0.04339300080450522
2,6,0.04396532452370898
9,30,0.04511545293072824
21,32,0.03960943257184966
16,5,0.03419763627376084
5,1,0.04390501054322723
8,9,0.0450889111875113
34,38,0.03786340026358632
36,38,0.04107329632311529
39,38,0.04704343511794686
37,37,0.04107096884922337
38,37,0.04288043610522985
36,28,0.04501788300670982
39,29,0.0494901997299688
33,39,0.03487743074338752
38,36,0.04191239811808362
34,11,0.04214746349771322
16,13,0.05295070191031619
13,14,0.05353743511667585
29,27,0.06288038811340031
4,14,0.04614566719829877
24,27,0.04655539772727272
10,16,0.0443987704396224
4,35,0.04517478886360512
7,40,0.04467222100416575
11,31,0.04049396562803032
11,5,0.04158695832986775
10,8,0.04383214013080525
8,12,0.04441108069121846
26,36,0.0451948803239569
23,36,0.04228290020545474
14,20,0.04506435275532013
31,23,0.05601590056547785
4,36,0.04580471782621678
4,37,0.04773289948362453
19,27,0.04998938039427699
29,15,0.04675181101445902
27,6,0.04833815538776374
29,43,0.05087568636635698
9,33,0.04486783770133004
25,1,0.04799697656840513
41,7,0.04360555659378309
17,8,0.03756436724330224
40,19,0.04445012981598347
24,15,0.03549838643698013
47,46,0.04559962669155389
35,4,0.04369305627963556
22,16,0.0383437036101197
17,16,0.03697167164449271
3,44,0.04252099568737232
3,46,0.04185949224775799
3,7,0.04132711290871593
3,32,0.04119547657512116
31,35,0.04668267787451215
1,37,0.04487969122115463
15,37,0.03805887909319899
40,3,0.04279921087242437
35,7,0.04121310739535405
45,34,0.04215756389505777
31,20,0.05018977450323732
45,11,0.0432866128473082
31,8,0.04872009903757837
19,15,0.04176366645163099
46,33,0.0422908834138056
32,2,0.04259646037155106
1,36,0.0422900257743092
25,30,0.04494087493446729
41,31,0.04246606855302507
24,39,0.03577272051167633
32,30,0.0455888018492359
16,46,0.0367032016152293
31,19,0.05050610456015861
16,45,0.03436330885409449
31,39,0.04643082754264055
33,46,0.03672924560799173
34,23,0.04364593951749915
33,32,0.0364210407622484
34,8,0.04120396638837102
34,3,0.04033687943262411
13,11,0.05012308938967091
4,28,0.0451297687489668
4,11,0.04370380167232435
9,14,0.04747326483539526
11,42,0.04261568587034937
11,47,0.04423366107576633
11,2,0.04221282408258688
45,27,0.04761039983050334
28,39,0.04150675435778653
10,43,0.04310971531594405
10,17,0.0438423567632355
23,34,0.04376942406653712
27,35,0.04868057463277475
26,28,0.0463329300591832
20,24,0.04043487153668245
13,28,0.04967798646571373
23,9,0.04248004076779344
18,36,0.03788476716653512
8,18,0.04467451214062267
14,32,0.04478749091591063
44,28,0.04420070551496809
15,25,0.03488572999293175
15,11,0.03805141847837938
8,4,0.04575188437999827
29,5,0.04966265266034674
3,1,0.04267876500582165
46,21,0.04150474424476752
45,15,0.03840307582260371
42,46,0.04147441136920927
26,34,0.04791277708438631
18,14,0.04825412903407332
32,25,0.04371947460761534
2,22,0.04735464930754993
47,47,0.04886742377484261
44,6,0.04158065467413742
26,16,0.04682863668243206
18,35,0.03898683883784454
18,6,0.03780510185355111
6,37,0.03912486449196806
24,46,0.03900383555723623
19,46,0.04552867627072574
22,43,0.03767835237910775
41,2,0.04251514487993577
43,38,0.04043862867392279
21,7,0.03736563726326565
43,6,0.04224823801156891
22,10,0.03762297117803958
42,41,0.04151999778264364
19,5,0.04373749656768524
35,30,0.04310536044362292
32,29,0.04500645161290322
31,9,0.04931239319716819
24,32,0.03848946986201888
16,30,0.03831160665632728
16,31,0.03322402485329651
11,9,0.04285483316828681
37,33,0.04253617221503352
34,44,0.04034701184246763
34,26,0.04099987594591241
36,26,0.04402728070767776
39,42,0.04719922065270336
37,31,0.03942186515437933
39,45,0.04615036999378636
38,1,0.04382460920362973
34,7,0.04038659141338178
36,7,0.04171774289216655
39,47,0.04635126221742519
12,13,0.05995294058301972
7,13,0.05104112025908271
6,13,0.05302468917981109
10,38,0.0410207234563955
25,13,0.0586058799526948
4,30,0.04630194128028236
4,1,0.04659565659226918
13,30,0.04943972506595028
7,9,0.04269868619427094
3,27,0.04630536878737709
27,40,0.05239674524684533
14,21,0.04436607531790217
14,25,0.04402547399995523
35,27,0.04918061642991674
26,30,0.04666689317749388
8,8,0.04191475712195024
21,8,0.03808811276801958
27,41,0.05036916291111324
8,35,0.04475147723322905
26,1,0.05015726084844145
35,15,0.03988961364776718
8,3,0.04434916417871187
41,27,0.05230260134203511
18,7,0.03824607219577945
19,11,0.04701979780960404
24,25,0.03789254192806169
35,23,0.0491998511350949
21,16,0.03916500024386675
3,43,0.04242965609647163
3,10,0.04137505584037099
44,4,0.04454072790294627
43,4,0.04393944113890533
16,23,0.04374396912190414
35,39,0.03931646459321736
35,8,0.0424136745419716
40,33,0.04404084200632186
16,34,0.03871417464275181
42,22,0.04381694255111976
17,29,0.03753496603299651
32,5,0.0440030879359955
45,29,0.03991733234255991
31,29,0.04818329090488312
21,39,0.03732950466618808
6,41,0.03988956924928326
9,41,0.04619662363455809
9,45,0.04292751583391977
5,41,0.04433896309379254
31,21,0.04902225826800036
30,18,0.0520268525690679
47,18,0.04507155008505954
16,39,0.03180538020782752
18,45,0.03713694247537795
2,31,0.04207217149928096
5,45,0.04209491830801359
33,38,0.03518378283916817
37,40,0.04395069737268893
39,41,0.04758922980588603
33,28,0.03877274032312792
39,32,0.04791271347248576
37,30,0.04171190417819493
38,30,0.04257120601483388
14,14,0.04817533227905404
23,40,0.04435433717256648
13,40,0.05393584294201911
7,34,0.04386402454692483
4,40,0.04687236011102618
13,41,0.05205474968222708
12,34,0.04385241581985355
27,45,0.0473030202313688
13,46,0.04939375730728562
10,31,0.04173793234511592
20,26,0.03982584197720578
12,39,0.04013387254218379
29,14,0.05406916489390716
26,46,0.04765158598863554
26,42,0.0457871325425477
23,44,0.04337331772966647
23,2,0.04288824696042079
22,1,0.04000244140625
28,2,0.04435587712306088
8,25,0.04355979130127844
26,44,0.04740645519924955
3,23,0.04664182194616977
22,33,0.03851206985786896
8,38,0.04190349147430692
43,15,0.04035980844730143
40,30,0.04636943281309478
40,2,0.0439411419434493
40,1,0.04632304840819886
40,42,0.04400151340734002
1,2,0.04108183817799828
42,28,0.04312270402983145
24,21,0.03902723858220496
19,35,0.04594211030066998
21,35,0.03964803582120636
42,11,0.04443772672309552
21,36,0.03948815721932976
26,47,0.04676202976574492
35,24,0.04320561058639842
35,22,0.04501192852621841
47,9,0.04602477898144689
32,4,0.04704032635023158
9,32,0.04424479544027435
8,29,0.04395241242564441
9,5,0.04253068600013221
17,2,0.03592966958294402
21,10,0.03769881903201583
21,20,0.03991712200667424
21,19,0.03858971365498503
20,2,0.03917495488690251
8,36,0.04314657845772172
32,18,0.04416060484563835
7,39,0.03975452126215174
15,45,0.03597343354841759
20,42,0.04010861454274106
15,42,0.03674106025302805
18,5,0.03602454285887856
20,47,0.04054870679236161
15,41,0.03762640964271082
2,30,0.04599282296650717
2,42,0.04464333709616728
12,9,0.04207705929329521
39,40,0.05203504984443456
36,44,0.04104048703648516
33,24,0.03752890650809382
33,36,0.03742807825086306
33,22,0.03864042382800468
37,1,0.0424693520140105
39,30,0.04906477215962701
33,9,0.03781233278744345
41,13,0.058039863678612
7,5,0.04126264632351223
22,14,0.04154491954401415
10,6,0.04177505502793726
27,30,0.05073844687946641
29,28,0.05150079815769502
22,29,0.03790672949453318
47,27,0.050193343760862
16,27,0.04473041839749903
27,42,0.04825125745701251
29,11,0.05157974876284735
19,22,0.04695743224195561
24,22,0.04032707395304711
27,2,0.04853673699037606
35,17,0.04181025889322434
41,17,0.0441371095817893
27,47,0.05034290526991256
1,21,0.04328561055982722
41,15,0.04320198793042243
46,45,0.04034832461074073
41,43,0.04555931161647203
16,17,0.03653447110116341
42,34,0.04248146979971613
3,18,0.04163837357742347
3,17,0.04156973328633533
3,4,0.04246173555390735
21,12,0.03905358813652734
45,38,0.03888578609327003
45,36,0.03918480486345166
2,1,0.04537510922481587
35,43,0.04148257890420381
30,46,0.05205800989186017
31,25,0.04759625842941048
25,45,0.04365000199497266
42,9,0.04202889077717497
25,5,0.04369158878504672
45,37,0.04176892353592223
6,26,0.03932929074706012
19,34,0.04705882352941176
18,26,0.04168542698484166
17,6,0.03608426413565599
17,38,0.03526752539014119
9,46,0.04505783012843255
2,33,0.04601179391682184
6,45,0.03696107336666239
6,7,0.03705120237127695
15,47,0.03773777087418196
5,2,0.04181098466105888
16,43,0.03666541635408852
31,38,0.04630729042982664
5,42,0.04308213378492802
43,30,0.04539706299842568
5,30,0.04556498336635143
18,44,0.03889520560924767
5,47,0.04579491840886464
34,40,0.04327282891948674
37,26,0.04319864396639828
38,26,0.04246109896768887
33,35,0.03726903214404932
39,4,0.05013151179680445
37,2,0.04033854998403066
34,30,0.04294438809641986
36,30,0.04250934534649669
11,34,0.04441780042519414
11,23,0.04511288818559439
11,39,0.03902949498081469
11,19,0.04303124906192777
11,10,0.04170687919637205
14,37,0.04768157113641608
23,26,0.04165934810428324
12,10,0.04131954419228191
13,44,0.0496022106834845
12,17,0.04255443690002341
13,7,0.04745503896566917
14,29,0.04616441374305006
12,19,0.04230651802586085
29,38,0.047247944744965
7,17,0.0425037722733669
4,7,0.0445970705344074
4,44,0.04521375597743607
1,26,0.04326043210745546
26,7,0.0440316801810296
23,31,0.03974166540437075
29,6,0.04918217076049688
22,2,0.0376914559881897
8,21,0.04450997398091934
28,33,0.04581421868607293
44,46,0.04236797745741816
40,47,0.04605629102236066
40,26,0.04279425379291233
1,33,0.04356337342175265
16,16,0.03842446945863868
25,17,0.04468106529728641
3,12,0.04217223516323053
42,24,0.04229892468166432
5,4,0.04492325024644416
6,4,0.04030951223464592
9,4,0.04589387441592523
24,37,0.0404982062553686
46,4,0.04283578151112674
22,47,0.04071014461976257
35,10,0.04180139772608741
35,16,0.04157014565417446
42,36,0.04042674795199085
47,34,0.04635876646879976
30,34,0.05279468732706142
44,5,0.04087776568734131
43,5,0.04234925060996863
25,43,0.04465169478477003
20,44,0.04057225657666482
25,18,0.04397417711258431
41,16,0.04403120263225997
47,39,0.04389646729625743
44,32,0.04199667735579337
7,18,0.04221900859644894
19,36,0.04380093794108273
2,26,0.04606071639888944
2,45,0.04432536021009298
33,40,0.03841333419471542
39,34,0.05016441614776464
36,27,0.05148775807458442
36,39,0.0391204044568792
39,24,0.04889812889812889
37,18,0.04114538946650758
39,9,0.05047371510019283
20,13,0.04914189252555565
12,14,0.04505389624971929
15,13,0.0503149578276807
40,13,0.0502267331238725
2,13,0.05607687195142557
24,40,0.04323435827062566
7,14,0.04485722080756638
11,21,0.04169352105938087
10,42,0.043749346894702
13,5,0.04723967819363865
28,41,0.04659740488751083
29,26,0.05109960262240521
27,12,0.04791129430123968
18,27,0.04840192526093775
27,9,0.04890047221600417
27,34,0.05111336258262627
26,5,0.0442574894539908
28,5,0.04336488477233858
47,11,0.04738432371585994
44,23,0.04938967759055327
46,34,0.04218177098543106
40,17,0.04492530663371247
41,21,0.04475723060777232
41,25,0.0433472553699284
40,45,0.04429927646435319
40,41,0.04719793322734499
40,18,0.04492669393484149
9,16,0.04529687818812487
3,38,0.03959717389011916
3,25,0.0410729253981559
3,22,0.04348174407658875
3,6,0.04053124139829342
30,28,0.0520099461251554
47,38,0.0439997913877927
31,40,0.05146145295233113
25,35,0.04524792152640708
32,35,0.04344005711461365
23,32,0.04228240450845335
8,7,0.04313198518567074
1,45,0.04163874668310595
26,32,0.04506335466064483
22,4,0.03950539768699491
35,21,0.04275378206533654
31,46,0.04705007700069035
32,36,0.04288473063860957
46,22,0.04268292682926829
30,11,0.05280307630034405
16,29,0.03733298401886298
32,3,0.04355025666501076
31,41,0.04669260700389105
32,10,0.04495162261006434
25,10,0.0429411059133981
6,20,0.03970339534278652
29,31,0.04697081187147412
25,19,0.04431288575387328
24,47,0.04108104202045019
24,44,0.03898517839038285
21,37,0.04053213974884993
21,6,0.03762554339679208
16,25,0.0367597404503949
32,19,0.04786442230619489
31,32,0.04850767562631969
18,39,0.03624504068320893
2,18,0.04390550461336304
6,10,0.03780143912874367
38,40,0.04529335346371265
38,41,0.04305283757338551
38,42,0.04226299365113526
39,13,0.06390871082330012
39,18,0.04746572496884088
36,5,0.0405246880665458
38,47,0.0416548697621744
46,13,0.05300085585906854
5,13,0.0571021157971815
27,13,0.05757465307380286
11,11,0.04253040280341891
12,11,0.04353391256646371
11,22,0.0437964562558187
11,28,0.04278079853759991
11,24,0.04205084951533856
10,33,0.04423289726992981
7,20,0.04421810384438658
12,22,0.04328970890070843
26,40,0.04962060942359817
28,40,0.04768579534031764
23,30,0.04392979787777606
44,27,0.05004540891926772
1,40,0.04546728744149765
20,40,0.04204970310094567
23,41,0.04516544354319557
23,42,0.04336973478939157
28,44,0.04564895345503201
41,24,0.04546390236729892
28,47,0.04562520404831864
31,1,0.04952277294038847
44,15,0.04059347499463404
43,18,0.04327997235978348
46,43,0.04274969672462596
19,14,0.04959104462694274
25,16,0.04539093930383068
3,37,0.04289909796517726
3,19,0.0428070888132839
47,24,0.04591326036658407
13,32,0.04732982694912774
23,47,0.04353447064444506
1,47,0.04294462506691736
1,41,0.04400949543846583
1,42,0.04376337034926846
1,30,0.04448932419654218
16,8,0.03775992181985992
22,31,0.03679520348240318
35,25,0.04208986755504997
25,34,0.04610185419452777
18,4,0.04186765149231233
25,12,0.04453406183600017
30,24,0.05220129419921423
47,22,0.04896484206282933
32,12,0.0482797478606895
46,9,0.04181922607509512
30,9,0.0520199385614096
32,43,0.04335332963653778
32,17,0.0440632189656897
45,1,0.04214818457503483
21,3,0.03790014550745725
32,39,0.04032481954469739
3,36,0.04105197974720431
20,46,0.04019491066594477
20,41,0.04217152240439877
20,32,0.03969296935666925
33,34,0.03893189589665653
37,21,0.04198166763590041
33,20,0.03810640216411181
38,3,0.03992079207920792
21,13,0.05100923394304204
3,13,0.0517125169799973
27,29,0.04887805624474003
14,10,0.04418348440082127
10,28,0.04431377701859273
10,11,0.0445788319498446
10,3,0.0434048828445027
26,14,0.04834912231819448
14,23,0.04917668989392392
23,25,0.04086276132124592
29,23,0.05732585092106868
28,23,0.05014817269683914
26,37,0.04815897935799428
13,6,0.04827865280458195
20,14,0.04281189451334826
23,37,0.04459657190635451
26,35,0.04616587029504236
28,35,0.04531468881328797
14,19,0.04663257403797366
22,28,0.0389945303035865
22,11,0.03962533332337409
27,33,0.04963676199261992
27,1,0.05241461516812078
26,6,0.04445046754302751
44,40,0.04521671222178836
28,6,0.04346015148027577
45,28,0.0434860898532457
46,7,0.03968556092732879
46,26,0.04117730295740766
44,44,0.04159216761851858
43,44,0.0425323751245197
19,17,0.04496716814894854
21,17,0.03930640745378525
24,17,0.03848500697350069
3,45,0.04069586828207517
15,14,0.0406706905192513
47,5,0.04616292540053769
1,3,0.04162599086258737
17,11,0.03983468967902852
35,5,0.04065308815040818
19,20,0.04573666491079403
31,36,0.04789846291217552
20,6,0.03959489508006801
45,22,0.04284628723963914
44,47,0.04301314084767721
32,47,0.04362617570542325
30,7,0.04938846051582026
41,5,0.04274541531823085
31,37,0.04813156968264346
6,33,0.04015994436717663
5,33,0.04403823474644652
7,30,0.0436834158208204
17,3,0.03579820718865133
24,10,0.03795880524296907
25,31,0.04345857854232684
46,31,0.03944334427474703
24,20,0.03987784107593821
24,19,0.03905516038115689
21,45,0.03743622664459235
21,18,0.0396716115455561
21,41,0.03965783118507957
19,43,0.04616530156366344
32,42,0.04302823389150815
19,18,0.04529697249826669
18,1,0.04184477822659712
16,41,0.03736202652267132
5,29,0.04351735876930982
6,1,0.04084862271895554
9,9,0.04396433515506596
4,4,0.04735884253150734
15,15,0.03551007882155317
33,33,0.03876209328023021
39,27,0.05550277117973079
33,29,0.03698535876753698
39,15,0.04683983495873968
34,13,0.05061777130972231
37,4,0.04269138144931766
33,1,0.0382381246992507
37,5,0.03856248738138501
39,43,0.04805708390646492
11,38,0.03886762681706784
11,25,0.04079942861838154
14,30,0.04649134924197948
14,2,0.04517575466410441
14,1,0.04973523998301005
45,26,0.04201902748414376
5,27,0.05070206230802983
13,17,0.0485198191817194
23,45,0.04082966837037917
29,40,0.05620367284097582
12,25,0.04006385784687998
26,18,0.04636651450449123
13,18,0.04910844363348029
27,15,0.04504682859971065
8,33,0.04552925303569238
29,44,0.05171012317889076
44,43,0.04271386664552445
44,18,0.04163146394756008
44,17,0.04187762371199592
43,43,0.04028459177889407
43,17,0.04274430240116611
24,33,0.03962362780972294
30,22,0.05367149885553421
25,11,0.04485917882592466
42,21,0.04174383468174285
19,21,0.0460287202948278
3,3,0.03961088830104957
16,35,0.0368626348525846
35,14,0.04844670285252338
6,12,0.04069063004846526
20,18,0.0404637065551647
35,6,0.04128157732593961
47,36,0.04614182021217197
16,14,0.04440344931142477
30,36,0.05091660485323725
44,20,0.04338271604938271
32,20,0.04641083081718126
32,8,0.04601532401194753
45,7,0.03943035538639182
45,31,0.03777605021450577
18,12,0.04321121692465179
41,6,0.04302409763160616
24,1,0.0415330241680116
32,16,0.04357031424114107
31,42,0.0471707462094936
31,30,0.04874374887027776
16,36,0.03483424047501237
16,37,0.03661575127288484
2,15,0.04232080148729601
5,15,0.04171603925500562
33,37,0.03859285107988305
37,46,0.04063380966268105
38,44,0.04186458417196683
37,42,0.04079445145018915
33,21,0.036779324055666
39,12,0.05181109582760201
36,4,0.04439276309039296
37,45,0.03872562482834386
39,5,0.04579295674781375
37,47,0.03985358229826437
40,40,0.04620309409370192
43,13,0.0526088105938619
46,12,0.04228235048034543
22,40,0.04111908050073506
10,40,0.04688472873687269
10,47,0.04517247443660025
11,20,0.0422009868378227
28,26,0.04481158636844831
26,26,0.04915528482368057
7,43,0.04330667593880389
4,26,0.04417945055172556
25,27,0.05622181569061438
12,16,0.0431803680981595
12,43,0.04213713492714312
12,20,0.04178947822461215
23,33,0.04278481435684924
32,27,0.05304010349288486
27,5,0.04723141121273053
25,23,0.05043168891205329
40,44,0.0446787065646635
20,7,0.03930777906839721
41,11,0.04736257159955544
43,9,0.04251015421460588
25,15,0.04086499812422959
32,15,0.04215298040850354
40,46,0.04506675883144759
3,28,0.04290965370477848
17,40,0.04003585300268897
15,32,0.03762619304090783
42,35,0.04117582598213796
1,44,0.04322701146460008
26,31,0.04241953537245585
35,11,0.0454753974110936
35,3,0.04066392550489781
47,20,0.0461241246075827
30,20,0.05095062011191465
41,8,0.04475587703435804
19,29,0.04499958640086028
19,25,0.04419066534260178
25,8,0.04362147938797388
42,37,0.04262897211864878
45,2,0.03889643793069979
18,18,0.03459278448221393
16,24,0.03764777372666003
16,11,0.04049496276828734
17,44,0.03704580423718783
17,47,0.03876064683372423
17,30,0.03932706222865412
25,39,0.04195238298053579
41,39,0.0423978801059947
46,39,0.03929863461314038
19,37,0.04571818491982258
15,46,0.03651186830762029
2,46,0.04468619724744446
2,41,0.04518054132256314
2,5,0.04417682926829268
5,5,0.04158330178986643
6,18,0.03847926267281105
38,27,0.0474005637331663
37,39,0.03728001257071024
39,25,0.04806474950262253
34,20,0.04185169233511056
36,16,0.04060438580852201
36,19,0.04424419914395134
14,13,0.06524201714066594
40,23,0.04701022733518516
13,22,0.05002562538133007
14,45,0.04278959546618079
14,41,0.0487921825103808
45,12,0.04258761025780744
10,27,0.04963031672985653
13,36,0.04754540710476408
27,28,0.04961517660273744
18,21,0.04085001031565917
9,21,0.04411536672352302
14,18,0.04664291492401163
23,15,0.03789688319254296
28,9,0.04506309827432016
27,11,0.04806576722909139
9,25,0.04328215803625639
45,17,0.03982602201085165
2,23,0.05129632722751146
46,25,0.04078627837160831
1,15,0.03957643684370794
15,23,0.04076805498220442
8,5,0.04257029579960901
44,35,0.04348985414500173
43,25,0.04146382407251972
18,16,0.03815311893306322
3,26,0.0423099637222644
3,33,0.04242129854509286
44,14,0.04770464836264351
22,39,0.03586628936894655
19,40,0.04737368466823202
42,42,0.0394383571584065
35,31,0.0407285022669638
30,29,0.05141995921865303
15,24,0.03671693650816824
17,15,0.03507215996129968
32,14,0.05343272362816336
42,47,0.04188731979994115
47,1,0.04675246025738077
47,7,0.04428499071416511
41,33,0.04528256561167497
42,2,0.03927770118671099
31,43,0.04747557746736054
30,1,0.05551920740256098
21,26,0.03821130470659176
10,39,0.04058864155554374
17,18,0.03594212340852946
21,47,0.04084018013682147
5,11,0.0455403441018854
31,17,0.04767687671479332
7,21,0.04324358953825456
19,30,0.04449287510477787
5,28,0.0461474965821446
42,30,0.04265973630831643
6,21,0.0389967637540453
34,33,0.04235855392667731
39,46,0.04787687371534566
34,31,0.03709431359846189
36,31,0.0400297619047619
33,11,0.03979946797626355
38,2,0.04037527223990618
21,23,0.04464168701971763
11,16,0.04369114877589453
4,2,0.04465068789025172
13,26,0.04918757140485699
23,14,0.04367934893537558
7,27,0.04676774534208342
4,47,0.04566218629570448
13,2,0.04786912000842349
13,42,0.04912513632699511
13,47,0.04907175913612426
29,37,0.05235974515989361
29,35,0.05065793738251118
28,29,0.04485342541338127
4,42,0.04564944724790712
27,46,0.05036253341229572
27,7,0.04794167510200026
26,2,0.04528514169186414
27,44,0.04963770938839111
27,32,0.04880898876404494
44,45,0.0414834754000299
44,41,0.04389282048511695
43,45,0.04143180613768849
43,41,0.04479073715367706
30,15,0.0491424677242267
43,46,0.04236486110337916
46,46,0.04306168586500161
19,8,0.04468336055162402
24,28,0.04041709100305522
17,1,0.03883066483861222
2,40,0.0473322895339034
8,6,0.04371916602622902
24,11,0.04073364060311892
15,30,0.03686375209453136
25,4,0.04611040262342867
35,9,0.04266734798160449
30,12,0.05182158809458286
42,8,0.04161291757484097
41,9,0.04525563931001383
42,3,0.03935761726857617
46,5,0.03819641553807477
42,10,0.04068298235628912
10,1,0.04544095665171898
46,32,0.04087908112507913
19,3,0.04514806784091246
16,9,0.03824138023702668
5,46,0.04284982060481804
2,44,0.04556450540978812
5,44,0.04355618680463968
5,32,0.04461385195131459
6,5,0.03759704251386321
42,39,0.0389564810481984
42,16,0.04066891512085441
42,19,0.04229038854805725
1,14,0.04496449851495071
2,2,0.04492543419242069
2,47,0.04617668893838158
3,15,0.03904346060113728
5,26,0.04541194513078299
5,31,0.04039676825853931
6,31,0.03671321754955097
7,4,0.04476327116212338
8,11,0.04425818443248171
8,22,0.04619174321414804
8,24,0.04437081169486305
8,28,0.04479091564527757
9,7,0.04326804479747397
9,26,0.04394133657241829
9,31,0.04186890550526914
10,21,0.0434498756789043
11,4,0.04432032829118532
11,12,0.04378873889234348
12,4,0.04376479585238167
12,12,0.04346877785351019
14,3,0.04556803104446949
14,8,0.04507380818688483
15,40,0.03899468843114393
15,44,0.03630865102639296
16,32,0.0355561834793256
17,21,0.03755903740910113
18,30,0.04100521680596847
18,31,0.03665137074949994
19,10,0.0442180028782322
19,16,0.04535350416795307
19,19,0.04746343815289012
21,15,0.03618656389190187
21,27,0.04516230202289477
21,43,0.03804922843511069
22,6,0.03752602169387531
22,38,0.03619443186608997
24,3,0.03801911628679173
24,8,0.03832161904425528
24,16,0.0385707171314741
27,26,0.0490912769329332
27,31,0.04621454641844911
28,14,0.04712896585989069
28,36,0.0431373862932002
28,37,0.04710756855931276
28,38,0.04114129656752084
29,24,0.05097862670696936
29,36,0.04972513743128435
30,13,0.06505452188500838
30,32,0.05107600858605316
31,3,0.04712377384531966
32,40,0.04871109877528362
33,3,0.03585843813980696
33,16,0.03681906716652355
33,19,0.038223097222804
34,1,0.04279376176391503
34,29,0.04059882485310663
35,12,0.04426513208648693
35,13,0.05811444387956843
36,1,0.04489978725786586
36,33,0.04408684724937168
38,14,0.04683103545301069
39,26,0.04989800721795072
39,31,0.04722085587801278
39,44,0.04805646876812995
41,32,0.04567882394831883
41,41,0.04510765030712911
42,17,0.04057116953762466
42,18,0.0406042890631783
42,20,0.04186857918201201
43,26,0.04197010641383837
43,42,0.04157023322058038
44,30,0.04407379493397122
45,21,0.04149720524587311
45,25,0.04026831345826235
46,41,0.04212729770393144
47,13,0.05578717616170562
47,32,0.04584752981260647
1,8,0.04202102264911272
1,20,0.04320055636386929
1,35,0.04297944271770543
2,11,0.04702448516296416
3,30,0.04304684946971272
3,42,0.04241374114810908
3,47,0.04156976744186046
4,3,0.04495116416732438
4,10,0.04237602364582119
4,19,0.04486496818765189
5,14,0.04831118206887971
6,6,0.03658396902847456
6,29,0.03837150978097308
7,1,0.04394259310260411
7,7,0.04211478963652053
7,33,0.04410841356215989
8,15,0.04054975011358473
8,41,0.04622338874307378
9,29,0.04370944992947813
9,37,0.04618245686537865
10,24,0.04332027626017936
11,7,0.0414310505235792
12,7,0.0408426982605918
12,33,0.04219609330551868
13,3,0.04918437176732712
13,37,0.05046296889754863
14,4,0.048158537360313
14,12,0.04620559516591046
14,17,0.04606189674715762
16,40,0.04047927461139896
17,9,0.03766845267088813
17,34,0.03858868124118476
18,25,0.03858024691358024
18,29,0.04047294224647567
18,38,0.03776749860214507
19,4,0.04601511428438963
20,20,0.04128117416116554
20,37,0.0418585005279831
22,9,0.03829895078311115
23,3,0.04283954127570846
24,12,0.03987028119779309
26,3,0.04512315579874884
26,8,0.04459151822384942
26,19,0.04571005003397368
27,14,0.05017196097086362
28,10,0.04294726347634763
28,19,0.04518075693023991
28,20,0.04387419627011143
29,17,0.05204409864459901
29,18,0.05125983202239701
30,2,0.04928837134077308
30,44,0.05178643115214773
31,10,0.04851615088268913
31,16,0.04738370611912161
33,5,0.03521068462154032
33,13,0.04889440096705573
34,36,0.03972382943550347
35,41,0.04252209155537838
35,44,0.04170864396534354
35,45,0.03973216086482997
35,47,0.04192089899477634
36,25,0.0418280402788536
37,11,0.04383522378280987
37,28,0.0429143661361914
38,20,0.04349461017798947
40,11,0.04383334239117009
40,28,0.04411281415833849
41,26,0.04441834392184079
41,44,0.04414715719063545
41,47,0.04558600743699214
42,4,0.04374743835882391
43,21,0.04346158062040995
44,21,0.04299037822673917
46,2,0.03915817418857583
47,42,0.04500347870665348
47,44,0.04528439033254588
1,16,0.04274801061007957
1,27,0.04592775796617968
1,39,0.03966144074494532
2,3,0.04377858676374498
2,8,0.04509688528520673
2,16,0.04378249262329633
3,2,0.04053338246470601
4,20,0.04489096928873159
6,25,0.03758060355945318
8,13,0.05900264592339834
8,45,0.04264665863235236
8,46,0.04503791045213897
9,6,0.04303940451537225
9,35,0.04468321733515103
9,38,0.04103540534773402
11,44,0.04379601268203557
13,19,0.04949435313386786
13,20,0.04817323254317488
13,35,0.04906269045186064
15,3,0.03525344770214811
16,42,0.03601804345580386
16,47,0.03652207970234015
17,39,0.03419961407398283
18,22,0.0425797256369143
18,28,0.04329122567429156
20,8,0.0400945931419972
20,19,0.04173131453640789
20,23,0.0433739408621469
20,35,0.0415959440096991
20,39,0.03762412878554246
21,1,0.04087193460490463
21,2,0.03944106378183457
21,30,0.03898920882815465
21,42,0.03854201341005278
23,8,0.04204996232209631
23,10,0.04158657062182696
23,16,0.04383015163540665
23,19,0.04296832774835152
23,27,0.04592103247699431
23,39,0.03949097768775223
24,4,0.04069654379916909
25,29,0.04446696392379408
25,33,0.04531422519660199
26,10,0.0442278505027509
26,20,0.04511660248181429
26,23,0.05072837314088244
27,3,0.04819634606417701
27,19,0.04888940949090003
27,37,0.05113736284742134
28,15,0.04168660859576912
28,27,0.05556451352833048
31,12,0.05112732095490716
31,34,0.04853623527055446
34,22,0.0425620622289989
34,24,0.04121042650092055
35,2,0.0408098502157908
35,26,0.04354254454054853
36,22,0.04544246611745947
36,24,0.04289211208943772
36,36,0.03991963374065412
37,16,0.0411281615024703
38,8,0.04190532923979287
38,16,0.04163012337016897
38,39,0.04102216957183956
39,36,0.04758271106992968
39,37,0.04796852203899376
40,8,0.04346210995542347
40,16,0.04479342987900445
40,39,0.04172693584604152
42,7,0.04018279977268422
45,9,0.04118210146846167
46,14,0.0449438202247191
46,29,0.04133105524367423
46,37,0.04243272335844994
1,11,0.04263711041314327
1,24,0.04334887056292577
2,25,0.0447048198497956
3,31,0.03888205990813223
4,22,0.04570207814750174
4,24,0.044534182038032
4,38,0.04189028868425512
5,21,0.04446552439675105
7,44,0.04314968308142369
8,17,0.04411709956441344
8,27,0.04964643597136094
8,43,0.04504669028574211
11,40,0.04566745755885726
12,40,0.04525329886565321
12,44,0.04318020029839975
13,24,0.04816219398044948
13,25,0.04695981418435203
13,38,0.0450941668685359
14,9,0.04571046672083776
15,6,0.03492058139142751
15,28,0.03769263929302726
17,23,0.04268504288334737
17,24,0.03796165537710332
17,27,0.04354813624345481
18,37,0.03925763757587819
19,32,0.0444015444015444
20,11,0.04111926496032456
20,22,0.04154052447504112
20,28,0.04063218558081322
21,31,0.03776430093427306
22,3,0.03742727299041884
22,8,0.03869325687038886
22,19,0.03842764645032757
22,23,0.04214482050307819
23,11,0.04122377171490153
24,9,0.0389074021554169
24,13,0.05234894020879468
24,18,0.0387138597173603
25,2,0.04375800628857575
25,26,0.04635304478215854
26,11,0.04554415670403737
26,22,0.04686807653575025
26,24,0.04529508995992532
27,21,0.04753202533453973
28,11,0.04523887920285435
28,24,0.04438280166435506
28,34,0.04741638754540883
29,9,0.05085041811314163
29,12,0.05074617575201132
29,34,0.05363204344874405
29,39,0.04593789876648234
30,30,0.05044225892249644
30,40,0.05555805783262769
31,22,0.05062521378890958
32,26,0.04656955879248469
32,33,0.04461111592820601
33,15,0.03506792058516196
34,35,0.04195153873973168
34,37,0.04250768613821681
35,42,0.04205479867706405
36,14,0.05077459435371831
36,35,0.04180035650623885
37,25,0.0407062833514933
37,36,0.03970020777678836
38,11,0.04465396333219159
38,24,0.04247651538812675
39,1,0.05107955977484667
39,21,0.04961076659189866
41,30,0.04549055581036567
41,42,0.04312981769240181
42,32,0.04082178180012983
44,38,0.04185878562302094
45,10,0.04008447641351622
45,19,0.04170040485829959
45,20,0.04170714474962465
45,23,0.04776208131912829
46,1,0.04231309168136496
47,30,0.04619599314065832
47,40,0.0477432228659539
1,10,0.04168571864045115
1,17,0.04284773704777296
1,43,0.04335153447965856
2,10,0.04554936616005318
2,19,0.04534087202348591
2,20,0.04659211300765155
4,23,0.04780358990828961
4,34,0.04636070869129508
4,39,0.04343173282720187
5,19,0.04439824284899902
5,24,0.04503364582734226
5,35,0.04413246690064982
5,36,0.04280566054320119
5,37,0.04387422951727958
6,22,0.04057542476297756
6,24,0.03905821319898239
7,6,0.04261697065820777
7,38,0.04142489034009323
8,26,0.04418396761784232
9,24,0.0440844881592258
9,36,0.04301884959191605
10,12,0.04487915272588142
11,33,0.04270504015407536
12,6,0.04072822194705665
12,38,0.03930808994100133
13,8,0.04789312575171765
13,23,0.05271282264500805
13,39,0.04430713724720204
15,8,0.03685503685503685
15,10,0.03567454702803686
15,16,0.03615006374066654
15,19,0.03660623842956442
16,2,0.03549324670883911
17,5,0.03566566839096106
17,12,0.03924756154203437
18,11,0.04423663227016885
18,24,0.04096785135491651
19,42,0.04573784940820951
19,47,0.04569591950810508
20,10,0.03917079017733657
20,15,0.03879561918494867
20,27,0.04333632143000495
22,12,0.03901627509141987
22,13,0.05084864976547285
23,17,0.0430743908738323
23,18,0.04366420563303254
23,20,0.04277312842960501
23,43,0.04246529519986619
25,25,0.04215039743236127
25,38,0.04133392295086231
26,39,0.04057543341940243
26,43,0.04499031058503116
27,22,0.05005466737366674
27,36,0.04804766052628749
28,13,0.05488270088217291
28,17,0.04603521694095983
28,43,0.04312823988423424
29,45,0.04820534223706176
30,14,0.05598444876423215
31,4,0.05099449025047868
32,21,0.04588474307516971
34,9,0.04067600142260626
36,11,0.04712732696555087
37,20,0.04281544869796832
37,34,0.04216688584397403
38,12,0.04326777609682299
38,17,0.04287617180627811
38,43,0.04282530762523011
39,19,0.04987225344915687
39,23,0.05565685751956686
39,35,0.0477825892190533
40,12,0.04336055818609949
43,14,0.04551435115247794
43,35,0.04361404264484169
43,37,0.04495336926620893
44,3,0.04145160858984301
45,32,0.03935994114401324
45,46,0.04027508956883416
46,35,0.04153641930372971
46,36,0.03993465238700308
5,40,0.04685998669590283
6,44,0.03838777530314278
7,32,0.0420530162539544
8,10,0.04417247085780792
8,19,0.04479598627962934
8,23,0.04811089374872259
9,40,0.04722083173836655
9,44,0.04563789328108793
10,25,0.04262722923010004
10,29,0.04294282894237339
11,13,0.06058789999946728
11,32,0.0421735604217356
11,41,0.04497454169671787
11,46,0.04320591675785819
12,5,0.04126910547121463
12,32,0.04254143646408839
12,46,0.04276565610952605
14,11,0.04652924035659675
14,22,0.04704970948999354
14,28,0.04644103085737899
14,34,0.04833973562853209
15,1,0.03828094625714029
15,2,0.03499614013160313
16,4,0.03875529646722262
16,15,0.03413622587334503
16,18,0.03571315397534619
17,25,0.03710737014986655
17,28,0.03982111524799931
19,39,0.04248791372257344
20,21,0.04050208354507571
21,4,0.04008827986033335
23,21,0.04131849625467069
24,24,0.03954108152040372
24,34,0.04060150375939849
25,7,0.04292840116535711
28,3,0.04364740175773116
28,8,0.04406472535753901
29,3,0.05031128056953918
29,8,0.04894953432965128
29,10,0.04920145441156165
29,16,0.05151005626333829
29,19,0.05075215211153299
30,41,0.05184566870710443
31,28,0.04949996644070071
32,7,0.04391129427926601
32,31,0.04152269062428011
34,6,0.0408400222121258
34,14,0.04422179042076085
35,18,0.04154048716260697
37,29,0.04154029960481573
39,2,0.04739776951672862
40,21,0.04393810851209954
41,18,0.04400987425750212
41,45,0.04438483111815632
42,12,0.04326052407879661
43,40,0.04303813586299102
44,42,0.04178409223244439
45,6,0.03967383529636164
45,35,0.04075811052555238
46,30,0.04280971518434387
46,40,0.04470002095313482
46,47,0.03988819007686932
47,15,0.04379574795171462
47,41,0.04645699288858787
1,5,0.0405890550083847
2,12,0.04679324816506128
3,21,0.0419522706953073
4,5,0.04408556692314196
5,10,0.04324415752826093
5,20,0.04496704613541042
5,43,0.04437813472160497
6,9,0.03897327210644059
6,17,0.03906183125517162
6,43,0.0393693954295632
7,22,0.04411323533422423
7,24,0.04329859038523348
7,36,0.04058128480239033
8,30,0.0449745795854517
9,20,0.04392226597231042
9,23,0.04849542930578792
10,5,0.04238892935178441
10,41,0.04581981314924105
10,45,0.0418425023657894
10,46,0.04397672826830937
11,6,0.04142189047849425
11,14,0.04533931008397777
11,36,0.0421860397772893
11,37,0.04479831296636747
12,36,0.04220886357441069
12,37,0.04468984135057415
13,4,0.05204438920366796
14,7,0.04426025245137873
15,12,0.03816033979293867
15,39,0.03522292206990243
17,41,0.03797244789826916
18,9,0.04087786259541984
19,1,0.04609640879768375
21,21,0.03829534554423788
22,32,0.03772316253188036
22,41,0.03950594003394305
22,45,0.03616521376342197
22,46,0.0387080620931397
23,4,0.04349371224071176
24,26,0.03957283212302434
25,36,0.04519983518747424
27,18,0.04905252757006606
27,27,0.05892109561266825
27,43,0.04819219818952348
30,35,0.05117200396170353
31,7,0.0476318622174381
33,44,0.03728078665169757
34,32,0.03966800361672037
35,37,0.0428325636149597
36,15,0.0402772494822704
36,18,0.04091428571428571
37,12,0.04335254015492095
37,13,0.05517515471526713
38,5,0.0402193161694592
39,10,0.04906063193851409
39,17,0.04928786449206991
39,20,0.05063402606551602
40,32,0.04406677910865898
41,3,0.04283978475959034
42,6,0.04020417828763879
43,20,0.0438562773415335
45,45,0.04607249723319078
46,8,0.04105530474040632
46,10,0.04077620417227946
46,16,0.04064044893778114
46,19,0.04201661699629729
47,14,0.04864499576203239
47,35,0.04524336933722776
47,37,0.04586474340388518
1,7,0.04209186985536599
1,32,0.04166666666666666
1,46,0.04345903606847324
2,32,0.04475730952038023
3,11,0.04237032063119019
3,24,0.04233214786076085
4,13,0.05067959931767865
4,32,0.04486719310839913
4,41,0.04722429843038662
4,45,0.04389345912673301
4,46,0.04557568092506436
5,9,0.0437267943478377
5,12,0.04541275145208674
5,34,0.0452989346260236
6,15,0.0357630979498861
6,27,0.04688458863478296
6,34,0.04111041009463722
6,39,0.03590256317033266
7,3,0.04316306974418798
7,8,0.04202998212075367
7,10,0.0416764671292485
7,16,0.04324956165984804
7,19,0.04385949310804802
7,23,0.0464807121661721
8,1,0.04555853755114611
9,12,0.044913583111008
9,17,0.04454468973920106
9,39,0.04130804765378069
10,30,0.04422128977064407
11,3,0.04241866421225339
11,8,0.04232022466412908
12,3,0.04183639574118428
12,8,0.04170161591866845
13,13,0.06992044016154092
13,45,0.04570598937753845
14,44,0.04703357060559667
16,6,0.03573301862050878
16,22,0.03984968292491975
16,28,0.04011788917401356
16,38,0.034818837884086
17,42,0.03663529060212161
17,45,0.03614314115308151
18,15,0.03615218175261449
18,17,0.03780056321756083
18,43,0.039459197604263
20,45,0.03899533629263358
21,14,0.04267209128320239
21,24,0.03832950280743606
21,38,0.03646864686468646
22,30,0.03927924821105267
23,7,0.04161341527941715
23,46,0.04364915415108034
24,2,0.03818793497521764
25,20,0.04407848011363636
26,13,0.05920866564850953
26,41,0.04828986610825559
26,45,0.04376455094889824
28,7,0.04357686542467246
28,31,0.04231682228200664
29,7,0.04925787800665782
29,29,0.05124282982791586
29,33,0.05237372858173136
31,2,0.04653567735263702
31,26,0.04985371562317144
31,44,0.04700684999503623
31,47,0.04868985841501697
32,23,0.05359321529534295
33,2,0.03603374454194751
33,47,0.03683279268652314
34,4,0.0422147091515376
35,28,0.04396489776364784
37,41,0.04184247538677918
38,32,0.04252832861189801
38,45,0.04043035490746692
38,46,0.04203570536135713
41,22,0.04642125156378929
41,28,0.04664324286084844
42,14,0.04791006748381765
43,12,0.04281422464564115
44,9,0.04349080258282113
44,13,0.05560624598220766
45,30,0.04185465792684657
45,42,0.04008276287116726
45,47,0.03978101103870986
47,28,0.04666666666666666
1,4,0.044790085326912
1,18,0.04228575218890952
2,27,0.05036231884057971
2,34,0.04550615579847273
2,39,0.04207436399217221
3,14,0.04455866998634647
4,15,0.04132107337211484
4,17,0.04570905763952424
4,18,0.04531660618195469
4,27,0.04763950060058966
4,43,0.04470224086769671
5,23,0.05108416023520764
6,11,0.04060538944259874
7,11,0.04247433463318136
7,28,0.04396789429140844
8,44,0.04545141234370476
10,4,0.04472909103363244
11,29,0.04282796863303705
12,28,0.0424351022755278
13,10,0.04730739253627612
13,15,0.04347688585637368
13,27,0.05796023246299814
13,43,0.04918973751755358
14,42,0.04586470221078344
14,47,0.04613116566678269
15,17,0.03639479941941261
15,18,0.0358440859181201
15,20,0.03763599354250017
15,43,0.0375575520339363
17,4,0.03868838028169014
19,2,0.04375832963127498
20,17,0.04106440665792828
20,43,0.04170625118753562
25,22,0.04527063399725632
25,24,0.04456877161812236
25,28,0.04479869099563665
26,15,0.04150417365040906
26,17,0.04680508322892428
26,27,0.05741607171540767
27,23,0.05291783392570048
28,18,0.04535780102265943
28,45,0.04298481090081212
29,2,0.04963873510368771
29,30,0.05073630588166408
29,42,0.05096283576597571
29,47,0.05397794875862616
30,25,0.04919354838709677
33,31,0.03480595805046103
34,5,0.038322150937852
34,12,0.04178639114752093
35,38,0.04076874794512359
36,12,0.04641944860389324
36,13,0.06137702394695556
38,4,0.04321543408360128
38,18,0.04147479398933591
40,4,0.0455373190103626
41,14,0.04931556340572437
41,29,0.04448554135843981
41,37,0.0459399775549361
41,38,0.04317685973678654
42,1,0.04390413337964571
43,3,0.0419124803845619
43,8,0.04238822677289787
43,10,0.04117779420746407
43,19,0.04453753490892417
43,23,0.04734110751572135
44,8,0.04379658624796012
44,10,0.04246632219966783
44,16,0.0415686933154182
44,19,0.04370939161252215
45,5,0.03883911960846045
46,23,0.04714541202366212
46,24,0.04199411069640077
47,25,0.04570076167936132
47,29,0.0460901725959845
1,19,0.04335797210390044
1,23,0.04661829413993064
2,14,0.04968999749130917
2,35,0.04463001100234152
2,36,0.04450127877237851
2,37,0.04640963721653204
4,8,0.04303698843598786
5,6,0.04335592399854774
5,38,0.0415587820785946
6,28,0.04090213193793844
6,38,0.03706388165914407
7,2,0.04269674584364133
7,42,0.04310933940774487
7,47,0.04184561171677128
8,32,0.04379890094175808
10,10,0.04513345874602419
10,19,0.0436610758560767
10,20,0.043275226193319
10,34,0.04475233720481507
11,1,0.04641166409357923
11,30,0.04321212778330852
12,1,0.04550008348639171
12,2,0.04156486273302679
12,42,0.0420726055125707
12,47,0.04460609734535626
14,15,0.04109965538869195
14,27,0.05249811799199651
14,43,0.04585537918871252
15,35,0.03702604877469886
15,36,0.03710123084652097
16,7,0.0363505488572971
16,26,0.03912487569256996
16,44,0.03654990532864484
17,10,0.03630905582159959
17,17,0.03824419202009247
17,19,0.03864042933810375
17,20,0.03813314037626628
17,43,0.0370559466867308
18,3,0.03765828765828765
19,41,0.0461752731947718
19,45,0.04345365089040797
20,36,0.03957807428777497
21,40,0.04245488378625096
21,44,0.03929042662366221
21,46,0.03953062362279979
22,20,0.03808098350166811
22,34,0.03951506651366398
23,22,0.04283040795281562
23,23,0.04677264824772454
23,24,0.04206758478432324
27,24,0.04831499122448754
27,25,0.04710606258083274
27,38,0.04476464272106958
29,13,0.06313630251639636
30,26,0.05262694323336416
30,31,0.04944337009355563
30,33,0.05216197666437886
31,15,0.0460592189958518
31,27,0.05550797559147842
32,37,0.04404908632977868
33,4,0.03854201606849074
34,16,0.0409234376409054
34,28,0.04210537096972428
36,3,0.04162795841627958
36,21,0.04344927649896082
37,3,0.04012146866660531
37,8,0.04199683042789223
37,23,0.04628845091177012
37,35,0.04197882484056714
38,10,0.04164087424408361
38,19,0.04312206086776492
38,23,0.04761190547611905
38,35,0.04296697114998258
39,6,0.0465675450218362
40,10,0.04231056917453462
40,20,0.04475644745196055
40,36,0.04368358913813459
42,45,0.04082035750732462
43,29,0.04231416979254382
44,29,0.04243571541252563
44,37,0.04449318926530722
45,16,0.03990401266636979
45,39,0.03723064766130747
46,6,0.04008866371120962
46,38,0.03965734012402241
47,26,0.04622809245618491
47,31,0.04437282564616993
47,33,0.04579247743399549
